"","adhdF","groupStatus","meanHitRate","meanFalseAlarm","meanDprime"
"1","High","HMM",0.37674825175,0.0900178254545455,1.14959516475
"2","High","LMM",0.288461538363636,0.0686274510909091,1.09366976068182
"3","Low","HMM",0.286858974375,0.0849673203333333,0.818802365958333
"4","Low","LMM",0.388795986695652,0.0780051152608696,1.30236595734783
